id,user,uid,version,changeset,timestamp
24445245,jack_napier,206812,3,3525002,2010-01-03T02:02:44Z
25351197,MichNicole,1996480,25,43090335,2016-10-22T21:58:08Z
28117363,MichNicole,1996480,22,43090229,2016-10-22T21:50:36Z
37183469,felipeedwards,337684,3,7084507,2011-01-25T15:12:43Z
41373426,Baconcrisp,3778777,6,42840343,2016-10-12T20:37:00Z
51696284,Michi,30845,1,4028157,2010-03-03T20:21:50Z
88777135,Julio_Costa_Zambelli,30854,3,27324990,2014-12-08T02:14:42Z
108237002,chesergio,416868,1,7844627,2011-04-12T17:20:03Z
108464241,Fede Borgnia,392023,1,7862028,2011-04-14T15:59:06Z
108498901,BiIbo,3516,2,7875016,2011-04-16T03:28:36Z
108524993,toniello,437035,1,7865647,2011-04-14T22:10:25Z
108607351,Fede Borgnia,392023,1,7870734,2011-04-15T15:43:58Z
108643240,chesergio,416868,1,7872142,2011-04-15T18:20:49Z
108687019,Fede Borgnia,392023,1,7873686,2011-04-15T21:10:47Z
109091258,Fede Borgnia,392023,1,7897551,2011-04-18T14:28:23Z
109102541,Fede Borgnia,392023,1,7898294,2011-04-18T15:55:01Z
109139562,Fede Borgnia,392023,1,7899636,2011-04-18T18:18:44Z
109163231,Fede Borgnia,392023,1,7901175,2011-04-18T20:27:40Z
109275928,Fede Borgnia,392023,1,7908759,2011-04-19T17:46:11Z
109312877,Fede Borgnia,392023,1,7911077,2011-04-19T21:03:24Z
109401275,Fede Borgnia,392023,1,7917021,2011-04-20T14:58:15Z
109452655,Fede Borgnia,392023,1,7920037,2011-04-20T20:25:14Z
110308788,toniello,437035,1,7968044,2011-04-25T19:46:55Z
110577357,Fede Borgnia,392023,1,7988990,2011-04-27T20:13:12Z
110760068,Fede Borgnia,392023,1,7997439,2011-04-28T18:58:42Z
110932091,Fede Borgnia,392023,1,8003998,2011-04-29T14:42:45Z
111842466,toniello,437035,1,8059266,2011-05-05T17:50:08Z
112603667,Fede Borgnia,392023,1,8105308,2011-05-10T18:52:04Z
135898228,felipeacsi,230366,2,17461547,2013-08-22T20:23:48Z
158545718,CristianSC,645089,1,11227106,2012-04-08T16:07:15Z
173298572,Ernesto Martinez,666523,2,14072902,2012-11-28T13:55:41Z
177403933,VCastillo363,982349,2,13701875,2012-10-31T17:26:10Z
187401319,Julio_Costa_Zambelli,30854,1,13616240,2012-10-24T12:37:30Z
207728688,JAAS,3321532,2,43294517,2016-10-31T00:05:33Z
229010931,bergjoslin,4498020,3,43313757,2016-10-31T21:02:15Z
245330380,OttoPilot,449385,3,23111601,2014-06-23T21:37:55Z
279264644,Julio_Costa_Zambelli,30854,2,22117238,2014-05-04T03:13:15Z
296963581,Julio_Costa_Zambelli,30854,2,24644867,2014-08-10T00:35:27Z
319791328,Residentcl,1425983,2,35856630,2015-12-09T23:23:06Z
327178500,garylancelot,3544143,2,42614468,2016-10-03T20:11:27Z
351906989,Baconcrisp,3778777,3,42964356,2016-10-17T17:22:48Z
390439578,madek,39060,2,36464147,2016-01-09T14:13:03Z
442074767,RoadMapsYou,3789238,1,42103149,2016-09-12T15:04:30Z
445776844,Julio_Costa_Zambelli,30854,1,42637968,2016-10-04T19:08:00Z
447239135,Baconcrisp,3778777,3,43067488,2016-10-21T19:43:52Z
448718213,Ranger444,3319178,3,43411003,2016-11-04T22:01:34Z
450532957,JAAS,3321532,1,43319381,2016-11-01T06:44:30Z
